"表題：","都道府県・市区町村のすがた（社会・人口統計体系）"
"公開日：","2025年02月21日"

"","","","","/項目 コード","F1102","F1107"
"調査年 コード","調査年","地域 コード","地域","/項目","F1102_就業者数【人】","F1107_完全失業者数【人】"
"2020100000","2020年度","01000","北海道","","2,347,270","102,125"
"2020100000","2020年度","02000","青森県","","602,391","29,305"
"2020100000","2020年度","03000","岩手県","","605,093","23,788"
"2020100000","2020年度","04000","宮城県","","1,081,348","48,923"
"2020100000","2020年度","05000","秋田県","","463,894","19,606"
"2020100000","2020年度","06000","山形県","","540,922","19,030"
"2020100000","2020年度","07000","福島県","","872,045","37,445"
"2020100000","2020年度","08000","茨城県","","1,362,944","55,136"
"2020100000","2020年度","09000","栃木県","","926,595","39,193"
"2020100000","2020年度","10000","群馬県","","949,945","37,569"
"2020100000","2020年度","11000","埼玉県","","3,386,880","139,773"
"2020100000","2020年度","12000","千葉県","","2,862,135","114,208"
"2020100000","2020年度","13000","東京都","","5,962,306","225,277"
"2020100000","2020年度","14000","神奈川県","","4,153,054","158,817"
"2020100000","2020年度","15000","新潟県","","1,084,410","40,991"
"2020100000","2020年度","16000","富山県","","528,961","16,719"
"2020100000","2020年度","17000","石川県","","560,133","19,618"
"2020100000","2020年度","18000","福井県","","395,765","11,701"
"2020100000","2020年度","19000","山梨県","","398,578","16,325"
"2020100000","2020年度","20000","長野県","","1,034,281","35,335"
"2020100000","2020年度","21000","岐阜県","","972,728","33,606"
"2020100000","2020年度","22000","静岡県","","1,817,048","71,299"
"2020100000","2020年度","23000","愛知県","","3,605,438","123,314"
"2020100000","2020年度","24000","三重県","","845,768","27,190"
"2020100000","2020年度","25000","滋賀県","","666,602","23,241"
"2020100000","2020年度","26000","京都府","","1,086,427","46,305"
"2020100000","2020年度","27000","大阪府","","3,635,394","172,909"
"2020100000","2020年度","28000","兵庫県","","2,377,454","99,533"
"2020100000","2020年度","29000","奈良県","","573,513","24,643"
"2020100000","2020年度","30000","和歌山県","","428,780","17,266"
"2020100000","2020年度","31000","鳥取県","","269,353","9,706"
"2020100000","2020年度","32000","島根県","","332,592","9,286"
"2020100000","2020年度","33000","岡山県","","867,759","32,868"
"2020100000","2020年度","34000","広島県","","1,318,328","46,576"
"2020100000","2020年度","35000","山口県","","620,702","22,276"
"2020100000","2020年度","36000","徳島県","","328,286","14,414"
"2020100000","2020年度","37000","香川県","","443,196","16,093"
"2020100000","2020年度","38000","愛媛県","","601,302","23,343"
"2020100000","2020年度","39000","高知県","","308,565","13,074"
"2020100000","2020年度","40000","福岡県","","2,253,134","107,974"
"2020100000","2020年度","41000","佐賀県","","400,264","14,977"
"2020100000","2020年度","42000","長崎県","","617,707","24,463"
"2020100000","2020年度","43000","熊本県","","819,259","33,316"
"2020100000","2020年度","44000","大分県","","520,322","22,627"
"2020100000","2020年度","45000","宮崎県","","498,592","20,653"
"2020100000","2020年度","46000","鹿児島県","","738,343","31,023"
"2020100000","2020年度","47000","沖縄県","","577,419","33,683"
"2015100000","2015年度","01000","北海道","","2,435,098","117,945"
"2015100000","2015年度","02000","青森県","","625,970","35,112"
"2015100000","2015年度","03000","岩手県","","636,329","26,431"
"2015100000","2015年度","04000","宮城県","","1,077,927","55,154"
"2015100000","2015年度","05000","秋田県","","482,867","21,891"
"2015100000","2015年度","06000","山形県","","562,087","21,053"
"2015100000","2015年度","07000","福島県","","922,133","42,358"
"2015100000","2015年度","08000","茨城県","","1,400,684","65,892"
"2015100000","2015年度","09000","栃木県","","963,969","43,507"
"2015100000","2015年度","10000","群馬県","","966,060","42,909"
"2015100000","2015年度","11000","埼玉県","","3,484,648","155,196"
"2015100000","2015年度","12000","千葉県","","2,879,944","123,842"
"2015100000","2015年度","13000","東京都","","5,858,959","235,477"
"2015100000","2015年度","14000","神奈川県","","4,121,817","168,059"
"2015100000","2015年度","15000","新潟県","","1,140,840","43,876"
"2015100000","2015年度","16000","富山県","","538,839","17,517"
"2015100000","2015年度","17000","石川県","","572,661","19,985"
"2015100000","2015年度","18000","福井県","","399,169","13,536"
"2015100000","2015年度","19000","山梨県","","408,814","18,789"
"2015100000","2015年度","20000","長野県","","1,069,860","38,224"
"2015100000","2015年度","21000","岐阜県","","1,015,916","35,475"
"2015100000","2015年度","22000","静岡県","","1,865,154","77,143"
"2015100000","2015年度","23000","愛知県","","3,668,611","130,229"
"2015100000","2015年度","24000","三重県","","872,773","30,961"
"2015100000","2015年度","25000","滋賀県","","677,976","24,455"
"2015100000","2015年度","26000","京都府","","1,192,645","54,305"
"2015100000","2015年度","27000","大阪府","","3,777,655","211,094"
"2015100000","2015年度","28000","兵庫県","","2,443,786","118,664"
"2015100000","2015年度","29000","奈良県","","590,818","30,505"
"2015100000","2015年度","30000","和歌山県","","445,326","20,855"
"2015100000","2015年度","31000","鳥取県","","280,925","11,424"
"2015100000","2015年度","32000","島根県","","342,994","10,207"
"2015100000","2015年度","33000","岡山県","","900,871","38,665"
"2015100000","2015年度","34000","広島県","","1,336,568","52,010"
"2015100000","2015年度","35000","山口県","","645,035","27,086"
"2015100000","2015年度","36000","徳島県","","342,906","18,064"
"2015100000","2015年度","37000","香川県","","452,644","18,831"
"2015100000","2015年度","38000","愛媛県","","642,741","29,802"
"2015100000","2015年度","39000","高知県","","323,408","16,632"
"2015100000","2015年度","40000","福岡県","","2,254,095","125,815"
"2015100000","2015年度","41000","佐賀県","","410,237","17,627"
"2015100000","2015年度","42000","長崎県","","644,154","29,737"
"2015100000","2015年度","43000","熊本県","","834,257","39,559"
"2015100000","2015年度","44000","大分県","","546,167","26,023"
"2015100000","2015年度","45000","宮崎県","","519,210","25,026"
"2015100000","2015年度","46000","鹿児島県","","753,855","37,584"
"2015100000","2015年度","47000","沖縄県","","589,634","39,760"
"2010100000","2010年度","01000","北海道","","2,509,464","192,360"
"2010100000","2010年度","02000","青森県","","639,584","63,084"
"2010100000","2010年度","03000","岩手県","","631,303","48,029"
"2010100000","2010年度","04000","宮城県","","1,059,416","89,446"
"2010100000","2010年度","05000","秋田県","","503,106","37,736"
"2010100000","2010年度","06000","山形県","","565,982","34,786"
"2010100000","2010年度","07000","福島県","","934,331","71,915"
"2010100000","2010年度","08000","茨城県","","1,420,181","101,698"
"2010100000","2010年度","09000","栃木県","","977,126","65,529"
"2010100000","2010年度","10000","群馬県","","965,403","65,229"
"2010100000","2010年度","11000","埼玉県","","3,482,305","233,980"
"2010100000","2010年度","12000","千葉県","","2,899,396","189,788"
"2010100000","2010年度","13000","東京都","","6,012,536","374,938"
"2010100000","2010年度","14000","神奈川県","","4,146,942","253,257"
"2010100000","2010年度","15000","新潟県","","1,155,795","67,334"
"2010100000","2010年度","16000","富山県","","546,363","30,050"
"2010100000","2010年度","17000","石川県","","582,449","33,061"
"2010100000","2010年度","18000","福井県","","402,251","22,226"
"2010100000","2010年度","19000","山梨県","","414,569","27,314"
"2010100000","2010年度","20000","長野県","","1,091,038","62,845"
"2010100000","2010年度","21000","岐阜県","","1,022,616","60,316"
"2010100000","2010年度","22000","静岡県","","1,897,194","117,074"
"2010100000","2010年度","23000","愛知県","","3,676,174","197,255"
"2010100000","2010年度","24000","三重県","","895,097","47,975"
"2010100000","2010年度","25000","滋賀県","","673,612","35,990"
"2010100000","2010年度","26000","京都府","","1,219,370","80,774"
"2010100000","2010年度","27000","大阪府","","3,815,052","330,566"
"2010100000","2010年度","28000","兵庫県","","2,489,617","174,285"
"2010100000","2010年度","29000","奈良県","","596,525","47,774"
"2010100000","2010年度","30000","和歌山県","","450,969","32,613"
"2010100000","2010年度","31000","鳥取県","","287,332","18,026"
"2010100000","2010年度","32000","島根県","","347,889","16,612"
"2010100000","2010年度","33000","岡山県","","900,116","70,270"
"2010100000","2010年度","34000","広島県","","1,343,318","76,007"
"2010100000","2010年度","35000","山口県","","665,489","41,985"
"2010100000","2010年度","36000","徳島県","","347,093","28,660"
"2010100000","2010年度","37000","香川県","","462,418","30,867"
"2010100000","2010年度","38000","愛媛県","","651,605","51,010"
"2010100000","2010年度","39000","高知県","","335,775","28,011"
"2010100000","2010年度","40000","福岡県","","2,262,722","192,690"
"2010100000","2010年度","41000","佐賀県","","409,277","27,639"
"2010100000","2010年度","42000","長崎県","","650,972","46,307"
"2010100000","2010年度","43000","熊本県","","834,244","59,695"
"2010100000","2010年度","44000","大分県","","550,451","41,928"
"2010100000","2010年度","45000","宮崎県","","531,213","40,079"
"2010100000","2010年度","46000","鹿児島県","","776,993","57,108"
"2010100000","2010年度","47000","沖縄県","","578,638","71,669"
"2005100000","2005年度","01000","北海道","","2,604,271","181,523"
"2005100000","2005年度","02000","青森県","","685,401","62,721"
"2005100000","2005年度","03000","岩手県","","688,614","45,662"
"2005100000","2005年度","04000","宮城県","","1,107,773","81,718"
"2005100000","2005年度","05000","秋田県","","549,994","35,927"
"2005100000","2005年度","06000","山形県","","612,089","30,919"
"2005100000","2005年度","07000","福島県","","1,010,120","64,990"
"2005100000","2005年度","08000","茨城県","","1,461,560","91,005"
"2005100000","2005年度","09000","栃木県","","1,017,139","58,014"
"2005100000","2005年度","10000","群馬県","","1,015,579","60,909"
"2005100000","2005年度","11000","埼玉県","","3,509,189","211,634"
"2005100000","2005年度","12000","千葉県","","2,948,581","175,182"
"2005100000","2005年度","13000","東京都","","5,915,533","354,059"
"2005100000","2005年度","14000","神奈川県","","4,314,535","249,398"
"2005100000","2005年度","15000","新潟県","","1,225,575","61,971"
"2005100000","2005年度","16000","富山県","","578,051","26,600"
"2005100000","2005年度","17000","石川県","","596,324","29,463"
"2005100000","2005年度","18000","福井県","","423,959","18,788"
"2005100000","2005年度","19000","山梨県","","444,200","25,088"
"2005100000","2005年度","20000","長野県","","1,150,880","55,552"
"2005100000","2005年度","21000","岐阜県","","1,071,054","54,255"
"2005100000","2005年度","22000","静岡県","","1,990,647","94,987"
"2005100000","2005年度","23000","愛知県","","3,707,828","178,389"
"2005100000","2005年度","24000","三重県","","922,622","45,721"
"2005100000","2005年度","25000","滋賀県","","680,478","33,737"
"2005100000","2005年度","26000","京都府","","1,248,020","80,102"
"2005100000","2005年度","27000","大阪府","","3,954,211","372,500"
"2005100000","2005年度","28000","兵庫県","","2,553,965","178,427"
"2005100000","2005年度","29000","奈良県","","634,549","45,006"
"2005100000","2005年度","30000","和歌山県","","478,478","32,414"
"2005100000","2005年度","31000","鳥取県","","304,548","17,808"
"2005100000","2005年度","32000","島根県","","368,957","17,153"
"2005100000","2005年度","33000","岡山県","","932,588","51,936"
"2005100000","2005年度","34000","広島県","","1,398,474","72,883"
"2005100000","2005年度","35000","山口県","","716,331","38,113"
"2005100000","2005年度","36000","徳島県","","373,825","29,432"
"2005100000","2005年度","37000","香川県","","490,775","31,681"
"2005100000","2005年度","38000","愛媛県","","679,915","46,286"
"2005100000","2005年度","39000","高知県","","370,395","31,837"
"2005100000","2005年度","40000","福岡県","","2,297,154","183,593"
"2005100000","2005年度","41000","佐賀県","","423,379","25,712"
"2005100000","2005年度","42000","長崎県","","679,847","47,118"
"2005100000","2005年度","43000","熊本県","","873,871","55,063"
"2005100000","2005年度","44000","大分県","","571,645","37,195"
"2005100000","2005年度","45000","宮崎県","","552,738","36,115"
"2005100000","2005年度","46000","鹿児島県","","809,835","59,754"
"2005100000","2005年度","47000","沖縄県","","560,477","75,372"
"2000100000","2000年度","01000","北海道","","2,730,723","136,953"
"2000100000","2000年度","02000","青森県","","729,472","41,830"
"2000100000","2000年度","03000","岩手県","","732,788","30,735"
"2000100000","2000年度","04000","宮城県","","1,153,411","59,372"
"2000100000","2000年度","05000","秋田県","","588,385","26,520"
"2000100000","2000年度","06000","山形県","","642,580","22,211"
"2000100000","2000年度","07000","福島県","","1,060,924","47,535"
"2000100000","2000年度","08000","茨城県","","1,504,046","66,563"
"2000100000","2000年度","09000","栃木県","","1,038,088","44,521"
"2000100000","2000年度","10000","群馬県","","1,040,250","44,693"
"2000100000","2000年度","11000","埼玉県","","3,528,376","173,888"
"2000100000","2000年度","12000","千葉県","","2,975,685","146,330"
"2000100000","2000年度","13000","東京都","","6,158,377","311,553"
"2000100000","2000年度","14000","神奈川県","","4,245,271","213,753"
"2000100000","2000年度","15000","新潟県","","1,265,803","50,811"
"2000100000","2000年度","16000","富山県","","597,702","21,323"
"2000100000","2000年度","17000","石川県","","614,469","23,264"
"2000100000","2000年度","18000","福井県","","439,618","13,971"
"2000100000","2000年度","19000","山梨県","","457,688","18,016"
"2000100000","2000年度","20000","長野県","","1,200,281","38,401"
"2000100000","2000年度","21000","岐阜県","","1,092,373","42,226"
"2000100000","2000年度","22000","静岡県","","2,013,164","79,415"
"2000100000","2000年度","23000","愛知県","","3,687,238","154,233"
"2000100000","2000年度","24000","三重県","","929,866","37,441"
"2000100000","2000年度","25000","滋賀県","","669,487","25,387"
"2000100000","2000年度","26000","京都府","","1,270,485","65,187"
"2000100000","2000年度","27000","大阪府","","4,134,181","311,257"
"2000100000","2000年度","28000","兵庫県","","2,598,880","146,892"
"2000100000","2000年度","29000","奈良県","","655,663","33,993"
"2000100000","2000年度","30000","和歌山県","","499,157","26,005"
"2000100000","2000年度","31000","鳥取県","","319,442","11,833"
"2000100000","2000年度","32000","島根県","","389,849","11,901"
"2000100000","2000年度","33000","岡山県","","955,507","43,274"
"2000100000","2000年度","34000","広島県","","1,428,326","63,538"
"2000100000","2000年度","35000","山口県","","746,704","31,583"
"2000100000","2000年度","36000","徳島県","","390,509","20,096"
"2000100000","2000年度","37000","香川県","","511,354","25,401"
"2000100000","2000年度","38000","愛媛県","","709,607","37,330"
"2000100000","2000年度","39000","高知県","","393,820","22,076"
"2000100000","2000年度","40000","福岡県","","2,323,182","144,487"
"2000100000","2000年度","41000","佐賀県","","431,457","19,975"
"2000100000","2000年度","42000","長崎県","","702,091","35,824"
"2000100000","2000年度","43000","熊本県","","886,887","41,051"
"2000100000","2000年度","44000","大分県","","583,294","27,221"
"2000100000","2000年度","45000","宮崎県","","566,981","29,793"
"2000100000","2000年度","46000","鹿児島県","","828,957","42,754"
"2000100000","2000年度","47000","沖縄県","","555,562","57,440"
"1995100000","1995年度","01000","北海道","","2,806,435","128,772"
"1995100000","1995年度","02000","青森県","","736,263","39,148"
"1995100000","1995年度","03000","岩手県","","747,532","25,023"
"1995100000","1995年度","04000","宮城県","","1,163,946","47,166"
"1995100000","1995年度","05000","秋田県","","608,735","21,206"
"1995100000","1995年度","06000","山形県","","657,193","17,967"
"1995100000","1995年度","07000","福島県","","1,087,442","38,728"
"1995100000","1995年度","08000","茨城県","","1,515,816","59,431"
"1995100000","1995年度","09000","栃木県","","1,040,793","39,623"
"1995100000","1995年度","10000","群馬県","","1,050,985","40,287"
"1995100000","1995年度","11000","埼玉県","","3,512,969","161,602"
"1995100000","1995年度","12000","千葉県","","2,991,808","133,123"
"1995100000","1995年度","13000","東京都","","6,309,698","322,151"
"1995100000","1995年度","14000","神奈川県","","4,273,200","204,266"
"1995100000","1995年度","15000","新潟県","","1,317,329","36,855"
"1995100000","1995年度","16000","富山県","","615,202","17,669"
"1995100000","1995年度","17000","石川県","","631,322","21,305"
"1995100000","1995年度","18000","福井県","","451,422","11,547"
"1995100000","1995年度","19000","山梨県","","462,446","16,445"
"1995100000","1995年度","20000","長野県","","1,218,325","30,659"
"1995100000","1995年度","21000","岐阜県","","1,111,812","36,718"
"1995100000","1995年度","22000","静岡県","","2,040,327","73,951"
"1995100000","1995年度","23000","愛知県","","3,685,478","142,549"
"1995100000","1995年度","24000","三重県","","948,971","32,943"
"1995100000","1995年度","25000","滋賀県","","654,947","21,273"
"1995100000","1995年度","26000","京都府","","1,315,528","60,990"
"1995100000","1995年度","27000","大阪府","","4,370,513","288,210"
"1995100000","1995年度","28000","兵庫県","","2,604,791","140,560"
"1995100000","1995年度","29000","奈良県","","665,774","28,927"
"1995100000","1995年度","30000","和歌山県","","521,584","24,467"
"1995100000","1995年度","31000","鳥取県","","326,765","10,130"
"1995100000","1995年度","32000","島根県","","406,463","10,013"
"1995100000","1995年度","33000","岡山県","","989,559","38,368"
"1995100000","1995年度","34000","広島県","","1,472,610","57,094"
"1995100000","1995年度","35000","山口県","","784,540","29,391"
"1995100000","1995年度","36000","徳島県","","406,031","19,167"
"1995100000","1995年度","37000","香川県","","527,995","21,387"
"1995100000","1995年度","38000","愛媛県","","736,919","34,119"
"1995100000","1995年度","39000","高知県","","409,277","23,176"
"1995100000","1995年度","40000","福岡県","","2,326,268","134,611"
"1995100000","1995年度","41000","佐賀県","","443,037","16,172"
"1995100000","1995年度","42000","長崎県","","725,810","31,977"
"1995100000","1995年度","43000","熊本県","","897,965","38,985"
"1995100000","1995年度","44000","大分県","","601,852","24,209"
"1995100000","1995年度","45000","宮崎県","","582,549","25,816"
"1995100000","1995年度","46000","鹿児島県","","843,625","36,321"
"1995100000","1995年度","47000","沖縄県","","541,693","61,946"
"1990100000","1990年度","01000","北海道","","2,694,903","101,297"
"1990100000","1990年度","02000","青森県","","717,945","33,727"
"1990100000","1990年度","03000","岩手県","","738,363","19,927"
"1990100000","1990年度","04000","宮城県","","1,101,276","30,912"
"1990100000","1990年度","05000","秋田県","","614,522","17,164"
"1990100000","1990年度","06000","山形県","","656,851","11,668"
"1990100000","1990年度","07000","福島県","","1,067,909","26,529"
"1990100000","1990年度","08000","茨城県","","1,430,686","34,841"
"1990100000","1990年度","09000","栃木県","","1,002,011","23,219"
"1990100000","1990年度","10000","群馬県","","1,016,221","25,631"
"1990100000","1990年度","11000","埼玉県","","3,231,551","88,793"
"1990100000","1990年度","12000","千葉県","","2,770,633","75,622"
"1990100000","1990年度","13000","東京都","","6,284,061","200,753"
"1990100000","1990年度","14000","神奈川県","","4,033,686","123,393"
"1990100000","1990年度","15000","新潟県","","1,282,063","26,419"
"1990100000","1990年度","16000","富山県","","594,080","12,075"
"1990100000","1990年度","17000","石川県","","606,265","13,966"
"1990100000","1990年度","18000","福井県","","442,319","8,507"
"1990100000","1990年度","19000","山梨県","","440,137","10,914"
"1990100000","1990年度","20000","長野県","","1,174,104","20,648"
"1990100000","1990年度","21000","岐阜県","","1,077,468","22,262"
"1990100000","1990年度","22000","静岡県","","1,966,117","47,539"
"1990100000","1990年度","23000","愛知県","","3,513,404","88,410"
"1990100000","1990年度","24000","三重県","","897,976","23,925"
"1990100000","1990年度","25000","滋賀県","","600,978","13,243"
"1990100000","1990年度","26000","京都府","","1,273,483","37,344"
"1990100000","1990年度","27000","大阪府","","4,236,759","187,314"
"1990100000","1990年度","28000","兵庫県","","2,543,402","87,685"
"1990100000","1990年度","29000","奈良県","","616,291","18,146"
"1990100000","1990年度","30000","和歌山県","","503,903","17,860"
"1990100000","1990年度","31000","鳥取県","","321,645","8,184"
"1990100000","1990年度","32000","島根県","","402,557","7,971"
"1990100000","1990年度","33000","岡山県","","953,445","28,794"
"1990100000","1990年度","34000","広島県","","1,414,268","37,020"
"1990100000","1990年度","35000","山口県","","766,513","22,358"
"1990100000","1990年度","36000","徳島県","","400,046","16,128"
"1990100000","1990年度","37000","香川県","","510,143","16,288"
"1990100000","1990年度","38000","愛媛県","","721,181","27,357"
"1990100000","1990年度","39000","高知県","","401,535","19,992"
"1990100000","1990年度","40000","福岡県","","2,181,788","102,288"
"1990100000","1990年度","41000","佐賀県","","426,775","12,103"
"1990100000","1990年度","42000","長崎県","","706,441","25,598"
"1990100000","1990年度","43000","熊本県","","872,301","28,620"
"1990100000","1990年度","44000","大分県","","582,392","20,142"
"1990100000","1990年度","45000","宮崎県","","560,769","19,578"
"1990100000","1990年度","46000","鹿児島県","","820,576","28,724"
"1990100000","1990年度","47000","沖縄県","","509,900","42,819"
"1985100000","1985年度","01000","北海道","","2,625,352","119,492"
"1985100000","1985年度","02000","青森県","","718,014","37,358"
"1985100000","1985年度","03000","岩手県","","729,651","23,918"
"1985100000","1985年度","04000","宮城県","","1,035,245","34,743"
"1985100000","1985年度","05000","秋田県","","619,086","20,632"
"1985100000","1985年度","06000","山形県","","652,606","14,231"
"1985100000","1985年度","07000","福島県","","1,046,626","30,234"
"1985100000","1985年度","08000","茨城県","","1,325,340","33,650"
"1985100000","1985年度","09000","栃木県","","938,505","22,034"
"1985100000","1985年度","10000","群馬県","","960,063","25,062"
"1985100000","1985年度","11000","埼玉県","","2,775,212","79,421"
"1985100000","1985年度","12000","千葉県","","2,416,727","70,519"
"1985100000","1985年度","13000","東京都","","6,005,485","223,685"
"1985100000","1985年度","14000","神奈川県","","3,543,595","113,633"
"1985100000","1985年度","15000","新潟県","","1,262,944","29,652"
"1985100000","1985年度","16000","富山県","","579,923","12,598"
"1985100000","1985年度","17000","石川県","","582,600","14,398"
"1985100000","1985年度","18000","福井県","","433,894","8,823"
"1985100000","1985年度","19000","山梨県","","418,584","10,702"
"1985100000","1985年度","20000","長野県","","1,147,695","19,257"
"1985100000","1985年度","21000","岐阜県","","1,030,647","21,355"
"1985100000","1985年度","22000","静岡県","","1,839,532","47,985"
"1985100000","1985年度","23000","愛知県","","3,231,127","82,332"
"1985100000","1985年度","24000","三重県","","851,383","23,485"
"1985100000","1985年度","25000","滋賀県","","555,535","11,795"
"1985100000","1985年度","26000","京都府","","1,219,639","43,422"
"1985100000","1985年度","27000","大阪府","","4,008,953","188,741"
"1985100000","1985年度","28000","兵庫県","","2,400,684","93,635"
"1985100000","1985年度","29000","奈良県","","566,057","16,883"
"1985100000","1985年度","30000","和歌山県","","497,049","21,408"
"1985100000","1985年度","31000","鳥取県","","321,539","9,365"
"1985100000","1985年度","32000","島根県","","414,268","9,172"
"1985100000","1985年度","33000","岡山県","","937,529","28,859"
"1985100000","1985年度","34000","広島県","","1,363,685","43,205"
"1985100000","1985年度","35000","山口県","","767,544","26,112"
"1985100000","1985年度","36000","徳島県","","398,428","20,012"
"1985100000","1985年度","37000","香川県","","501,626","17,005"
"1985100000","1985年度","38000","愛媛県","","719,645","30,453"
"1985100000","1985年度","39000","高知県","","403,909","23,859"
"1985100000","1985年度","40000","福岡県","","2,071,541","124,248"
"1985100000","1985年度","41000","佐賀県","","419,636","15,096"
"1985100000","1985年度","42000","長崎県","","701,157","31,936"
"1985100000","1985年度","43000","熊本県","","861,973","35,563"
"1985100000","1985年度","44000","大分県","","579,143","24,357"
"1985100000","1985年度","45000","宮崎県","","557,801","24,349"
"1985100000","1985年度","46000","鹿児島県","","841,479","35,102"
"1985100000","1985年度","47000","沖縄県","","478,576","39,543"
"1980100000","1980年度","01000","北海道","","2,598,312","70,477"
"1980100000","1980年度","02000","青森県","","722,131","24,918"
"1980100000","1980年度","03000","岩手県","","723,158","15,772"
"1980100000","1980年度","04000","宮城県","","988,719","21,655"
"1980100000","1980年度","05000","秋田県","","624,475","15,111"
"1980100000","1980年度","06000","山形県","","648,992","10,719"
"1980100000","1980年度","07000","福島県","","1,027,123","21,824"
"1980100000","1980年度","08000","茨城県","","1,241,868","21,581"
"1980100000","1980年度","09000","栃木県","","894,936","16,078"
"1980100000","1980年度","10000","群馬県","","920,872","16,887"
"1980100000","1980年度","11000","埼玉県","","2,459,243","51,594"
"1980100000","1980年度","12000","千葉県","","2,158,483","45,424"
"1980100000","1980年度","13000","東京都","","5,672,052","157,972"
"1980100000","1980年度","14000","神奈川県","","3,142,295","78,378"
"1980100000","1980年度","15000","新潟県","","1,272,237","19,897"
"1980100000","1980年度","16000","富山県","","575,495","9,802"
"1980100000","1980年度","17000","石川県","","567,684","9,844"
"1980100000","1980年度","18000","福井県","","425,313","6,770"
"1980100000","1980年度","19000","山梨県","","398,660","7,626"
"1980100000","1980年度","20000","長野県","","1,111,605","13,884"
"1980100000","1980年度","21000","岐阜県","","990,009","14,622"
"1980100000","1980年度","22000","静岡県","","1,743,584","34,809"
"1980100000","1980年度","23000","愛知県","","3,048,896","56,722"
"1980100000","1980年度","24000","三重県","","811,829","17,959"
"1980100000","1980年度","25000","滋賀県","","520,211","8,841"
"1980100000","1980年度","26000","京都府","","1,186,455","31,336"
"1980100000","1980年度","27000","大阪府","","3,811,047","130,417"
"1980100000","1980年度","28000","兵庫県","","2,310,722","68,955"
"1980100000","1980年度","29000","奈良県","","517,780","11,571"
"1980100000","1980年度","30000","和歌山県","","499,416","14,764"
"1980100000","1980年度","31000","鳥取県","","323,333","6,083"
"1980100000","1980年度","32000","島根県","","415,310","6,362"
"1980100000","1980年度","33000","岡山県","","924,525","21,477"
"1980100000","1980年度","34000","広島県","","1,326,783","32,113"
"1980100000","1980年度","35000","山口県","","767,930","19,883"
"1980100000","1980年度","36000","徳島県","","404,614","13,747"
"1980100000","1980年度","37000","香川県","","499,372","12,001"
"1980100000","1980年度","38000","愛媛県","","715,421","21,868"
"1980100000","1980年度","39000","高知県","","414,404","17,453"
"1980100000","1980年度","40000","福岡県","","2,023,297","86,808"
"1980100000","1980年度","41000","佐賀県","","419,548","10,870"
"1980100000","1980年度","42000","長崎県","","702,887","24,512"
"1980100000","1980年度","43000","熊本県","","847,638","25,351"
"1980100000","1980年度","44000","大分県","","581,272","17,121"
"1980100000","1980年度","45000","宮崎県","","558,615","17,255"
"1980100000","1980年度","46000","鹿児島県","","844,029","25,053"
"1980100000","1980年度","47000","沖縄県","","428,729","35,645"
"1975100000","1975年度","01000","北海道","","2,462,411","53,492"
"1975100000","1975年度","02000","青森県","","688,057","19,944"
"1975100000","1975年度","03000","岩手県","","702,574","11,911"
"1975100000","1975年度","04000","宮城県","","923,777","17,327"
"1975100000","1975年度","05000","秋田県","","616,870","11,211"
"1975100000","1975年度","06000","山形県","","626,437","9,678"
"1975100000","1975年度","07000","福島県","","982,838","19,575"
"1975100000","1975年度","08000","茨城県","","1,141,449","18,985"
"1975100000","1975年度","09000","栃木県","","843,465","13,727"
"1975100000","1975年度","10000","群馬県","","872,802","16,874"
"1975100000","1975年度","11000","埼玉県","","2,171,591","43,979"
"1975100000","1975年度","12000","千葉県","","1,882,392","36,951"
"1975100000","1975年度","13000","東京都","","5,619,964","143,678"
"1975100000","1975年度","14000","神奈川県","","2,897,375","71,185"
"1975100000","1975年度","15000","新潟県","","1,246,365","16,204"
"1975100000","1975年度","16000","富山県","","560,400","8,954"
"1975100000","1975年度","17000","石川県","","538,155","9,227"
"1975100000","1975年度","18000","福井県","","409,735","6,124"
"1975100000","1975年度","19000","山梨県","","381,802","6,630"
"1975100000","1975年度","20000","長野県","","1,073,275","13,667"
"1975100000","1975年度","21000","岐阜県","","941,160","12,714"
"1975100000","1975年度","22000","静岡県","","1,644,900","32,403"
"1975100000","1975年度","23000","愛知県","","2,880,985","49,552"
"1975100000","1975年度","24000","三重県","","782,827","14,788"
"1975100000","1975年度","25000","滋賀県","","488,620","7,075"
"1975100000","1975年度","26000","京都府","","1,148,522","26,052"
"1975100000","1975年度","27000","大阪府","","3,708,084","118,204"
"1975100000","1975年度","28000","兵庫県","","2,257,640","61,296"
"1975100000","1975年度","29000","奈良県","","464,847","9,029"
"1975100000","1975年度","30000","和歌山県","","487,213","13,300"
"1975100000","1975年度","31000","鳥取県","","309,053","5,789"
"1975100000","1975年度","32000","島根県","","405,777","5,852"
"1975100000","1975年度","33000","岡山県","","911,239","17,567"
"1975100000","1975年度","34000","広島県","","1,298,657","27,109"
"1975100000","1975年度","35000","山口県","","762,617","16,687"
"1975100000","1975年度","36000","徳島県","","393,539","12,278"
"1975100000","1975年度","37000","香川県","","481,162","10,067"
"1975100000","1975年度","38000","愛媛県","","685,568","20,818"
"1975100000","1975年度","39000","高知県","","399,550","16,354"
"1975100000","1975年度","40000","福岡県","","1,916,134","76,265"
"1975100000","1975年度","41000","佐賀県","","397,097","10,543"
"1975100000","1975年度","42000","長崎県","","678,264","24,174"
"1975100000","1975年度","43000","熊本県","","796,043","22,884"
"1975100000","1975年度","44000","大分県","","562,627","14,917"
"1975100000","1975年度","45000","宮崎県","","518,779","16,704"
"1975100000","1975年度","46000","鹿児島県","","798,377","23,668"
"1975100000","1975年度","47000","沖縄県","","379,803","33,445"
