データコード,MD12'DLTYK215_DLTYDB1TL14,MD12'DLTYK215_DLTYDB2AM14,MD12'DLTYK215_DLTYDB2IT14,MD12'DLTYK215_DLTYDB2MG14,MD12'DLTYK215_DLTYDB2AT14,MD12'DLTYK215_DLTYDB2YG14,MD12'DLTYK215_DLTYDB2FS14,MD12'DLTYK215_DLTYDB3IR14,MD12'DLTYK215_DLTYDB3TG14,MD12'DLTYK215_DLTYDB3GM14,MD12'DLTYK215_DLTYDB3ST14,MD12'DLTYK215_DLTYDB3CB14,MD12'DLTYK215_DLTYDB3TK14,MD12'DLTYK215_DLTYDB3KG14,MD12'DLTYK215_DLTYDB4NG14,MD12'DLTYK215_DLTYDB4TM14,MD12'DLTYK215_DLTYDB4IK14,MD12'DLTYK215_DLTYDB4FI14,MD12'DLTYK215_DLTYDB5YN14,MD12'DLTYK215_DLTYDB5NN14,MD12'DLTYK215_DLTYDB5GF14,MD12'DLTYK215_DLTYDB5SO14,MD12'DLTYK215_DLTYDB5AC14,MD12'DLTYK215_DLTYDB5ME14,MD12'DLTYK215_DLTYDB6SG14,MD12'DLTYK215_DLTYDB6KT14,MD12'DLTYK215_DLTYDB6OS14,MD12'DLTYK215_DLTYDB6HG14,MD12'DLTYK215_DLTYDB6NR14,MD12'DLTYK215_DLTYDB6WY14,MD12'DLTYK215_DLTYDB7TT14,MD12'DLTYK215_DLTYDB7SN14,MD12'DLTYK215_DLTYDB7OY14,MD12'DLTYK215_DLTYDB7HS14,MD12'DLTYK215_DLTYDB7YM14,MD12'DLTYK215_DLTYDB8TS14,MD12'DLTYK215_DLTYDB8KW14,MD12'DLTYK215_DLTYDB8EM14,MD12'DLTYK215_DLTYDB8KC14,MD12'DLTYK215_DLTYDB9FO14,MD12'DLTYK215_DLTYDB9SA14,MD12'DLTYK215_DLTYDB9NS14,MD12'DLTYK215_DLTYDB9KM14,MD12'DLTYK215_DLTYDB9OT14,MD12'DLTYK215_DLTYDB9MZ14,MD12'DLTYK215_DLTYDB9KS14,MD12'DLTYK215_DLTYDB9ON14
系列名称,"北海道／全国計／貸出金／国内銀行","青森／東北計／全国計／貸出金／国内銀行","岩手／東北計／全国計／貸出金／国内銀行","宮城／東北計／全国計／貸出金／国内銀行","秋田／東北計／全国計／貸出金／国内銀行","山形／東北計／全国計／貸出金／国内銀行","福島／東北計／全国計／貸出金／国内銀行","茨城／関東計／全国計／貸出金／国内銀行","栃木／関東計／全国計／貸出金／国内銀行","群馬／関東計／全国計／貸出金／国内銀行","埼玉／関東計／全国計／貸出金／国内銀行","千葉／関東計／全国計／貸出金／国内銀行","東京／関東計／全国計／貸出金／国内銀行","神奈川／関東計／全国計／貸出金／国内銀行","新潟／北陸計／全国計／貸出金／国内銀行","富山／北陸計／全国計／貸出金／国内銀行","石川／北陸計／全国計／貸出金／国内銀行","福井／北陸計／全国計／貸出金／国内銀行","山梨／中部計／全国計／貸出金／国内銀行","長野／中部計／全国計／貸出金／国内銀行","岐阜／中部計／全国計／貸出金／国内銀行","静岡／中部計／全国計／貸出金／国内銀行","愛知／中部計／全国計／貸出金／国内銀行","三重／中部計／全国計／貸出金／国内銀行","滋賀／近畿計／全国計／貸出金／国内銀行","京都／近畿計／全国計／貸出金／国内銀行","大阪／近畿計／全国計／貸出金／国内銀行","兵庫／近畿計／全国計／貸出金／国内銀行","奈良／近畿計／全国計／貸出金／国内銀行","和歌山／近畿計／全国計／貸出金／国内銀行","鳥取／中国計／全国計／貸出金／国内銀行","島根／中国計／全国計／貸出金／国内銀行","岡山／中国計／全国計／貸出金／国内銀行","広島／中国計／全国計／貸出金／国内銀行","山口／中国計／全国計／貸出金／国内銀行","徳島／四国計／全国計／貸出金／国内銀行","香川／四国計／全国計／貸出金／国内銀行","愛媛／四国計／全国計／貸出金／国内銀行","高知／四国計／全国計／貸出金／国内銀行","福岡／九州・沖縄計／全国計／貸出金／国内銀行","佐賀／九州・沖縄計／全国計／貸出金／国内銀行","長崎／九州・沖縄計／全国計／貸出金／国内銀行","熊本／九州・沖縄計／全国計／貸出金／国内銀行","大分／九州・沖縄計／全国計／貸出金／国内銀行","宮崎／九州・沖縄計／全国計／貸出金／国内銀行","鹿児島／九州・沖縄計／全国計／貸出金／国内銀行","沖縄／九州・沖縄計／全国計／貸出金／国内銀行"
1975,,,,,,,,,,,,,,,,,,,,,,,,,,,,,,,,,,,,,,,,,,,,,,,
1976,,,,,,,,,,,,,,,,,,,,,,,,,,,,,,,,,,,,,,,,,,,,,,,
1977,,,,,,,,,,,,,,,,,,,,,,,,,,,,,,,,,,,,,,,,,,,,,,,
1978,,,,,,,,,,,,,,,,,,,,,,,,,,,,,,,,,,,,,,,,,,,,,,,
1979,,,,,,,,,,,,,,,,,,,,,,,,,,,,,,,,,,,,,,,,,,,,,,,
1980,,,,,,,,,,,,,,,,,,,,,,,,,,,,,,,,,,,,,,,,,,,,,,,
1981,,,,,,,,,,,,,,,,,,,,,,,,,,,,,,,,,,,,,,,,,,,,,,,
1982,,,,,,,,,,,,,,,,,,,,,,,,,,,,,,,,,,,,,,,,,,,,,,,
1983,,,,,,,,,,,,,,,,,,,,,,,,,,,,,,,,,,,,,,,,,,,,,,,
1984,,,,,,,,,,,,,,,,,,,,,,,,,,,,,,,,,,,,,,,,,,,,,,,
1985,,,,,,,,,,,,,,,,,,,,,,,,,,,,,,,,,,,,,,,,,,,,,,,
1986,,,,,,,,,,,,,,,,,,,,,,,,,,,,,,,,,,,,,,,,,,,,,,,
1987,,,,,,,,,,,,,,,,,,,,,,,,,,,,,,,,,,,,,,,,,,,,,,,
1988,,,,,,,,,,,,,,,,,,,,,,,,,,,,,,,,,,,,,,,,,,,,,,,
1989,,,,,,,,,,,,,,,,,,,,,,,,,,,,,,,,,,,,,,,,,,,,,,,
1990,,,,,,,,,,,,,,,,,,,,,,,,,,,,,,,,,,,,,,,,,,,,,,,
1991,,,,,,,,,,,,,,,,,,,,,,,,,,,,,,,,,,,,,,,,,,,,,,,
1992,,,,,,,,,,,,,,,,,,,,,,,,,,,,,,,,,,,,,,,,,,,,,,,
1993,,,,,,,,,,,,,,,,,,,,,,,,,,,,,,,,,,,,,,,,,,,,,,,
1994,,,,,,,,,,,,,,,,,,,,,,,,,,,,,,,,,,,,,,,,,,,,,,,
1995,,,,,,,,,,,,,,,,,,,,,,,,,,,,,,,,,,,,,,,,,,,,,,,
1996,,,,,,,,,,,,,,,,,,,,,,,,,,,,,,,,,,,,,,,,,,,,,,,
1997,,,,,,,,,,,,,,,,,,,,,,,,,,,,,,,,,,,,,,,,,,,,,,,
1998,1263067,292416,224382,657230,227316,238950,395160,626389,544317,485226,1501026,1461530,23921083,2374186,591311,345412,358888,203811,161841,470379,478319,880672,2334674,432725,294984,864161,6678055,1501541,328665,230946,140013,124013,476134,981860,314267,249842,363882,439570,186555,1904161,150811,374344,359288,246992,179849,284060,253585
1999,1121826,297238,224699,623382,230494,238074,382881,621690,532539,473645,1506644,1432248,22864367,2334447,569806,343641,350551,193849,155384,463066,473927,886203,2276982,423192,291269,827881,6485242,1430329,327167,227099,140580,121659,473723,967840,311771,250329,350984,441777,186482,1867861,148379,369194,355330,250021,178272,286284,255556
2000,1092999,302426,221425,606065,221814,243929,380672,603726,523488,458011,1513870,1402334,22159895,2303765,539569,341753,339882,194801,149632,455750,473582,898609,2271600,414936,287131,803905,6358659,1381554,319280,222314,139744,119594,469320,935884,304075,251926,339992,445478,188311,1824256,144512,364896,353854,247996,176203,286133,261694
2001,1056704,307483,220114,577526,220881,248812,385494,585815,514690,446838,1487069,1367094,21444997,2247564,502469,335629,332464,195129,147185,451184,463783,914498,2216844,404990,283547,773299,6003901,1339596,312720,214196,139779,115237,468057,894876,294284,245603,325233,451285,190114,1771369,141095,355256,345289,246860,171907,280790,266958
2002,1009969,298859,218119,551774,224062,241204,357483,569173,502945,440446,1405000,1329183,20495887,2160264,481788,332106,323212,196022,144490,436704,441518,882174,2076536,397363,281082,741541,5647039,1283428,303389,201840,139082,114453,469168,847146,290002,240527,299429,456320,189542,1679756,138523,348287,331165,246429,169494,276397,270492
2003,1013937,293028,213663,545318,218843,232261,346244,563988,497821,437416,1397864,1320998,19125650,2138856,482890,329816,313152,192618,135797,427875,423746,862083,1950384,389194,286369,719041,5222992,1248582,308326,192360,143419,116168,460965,823410,285820,235528,292968,460095,185795,1619284,136869,341631,325255,247154,170206,274275,279690
2004,1005837,276910,213311,541483,211996,230304,342205,567292,472885,427977,1464758,1319471,18140989,2140078,481098,332493,308445,193166,128699,423251,420078,874719,1912757,387363,292741,702618,4970874,1218571,313705,189955,140604,117444,460895,815943,284118,234575,285756,469742,185513,1577812,134225,331093,319979,248312,171756,271953,285549
2005,1023885,270622,216259,549441,209020,233537,348345,574984,455237,424380,1540741,1341532,17740706,2160602,483218,315422,304241,196931,128814,420101,426846,901876,1933066,393704,297132,699040,4848014,1224475,316330,187743,140633,119883,465470,813352,283453,230827,284629,483903,184294,1567678,134110,317421,323010,249923,171584,282100,283933
2006,1055103,264431,218816,562407,213489,234585,349875,581479,455819,429228,1597359,1366881,18420926,2182363,484392,320526,304760,209092,131051,415800,437022,936858,1944526,399613,312708,700898,4774422,1208659,313674,182300,139495,118753,470161,833318,289620,230909,296115,509162,185045,1572159,132061,301027,327261,249449,177558,293045,280503
2007,1051947,261295,215783,569769,211705,226585,344513,592248,459994,436951,1642768,1388851,18671425,2193030,492795,323453,305091,208572,131282,411114,439409,968895,1929434,403249,321339,694604,4697300,1202770,305767,181924,137197,115345,474116,874525,298788,226701,299049,534557,183033,1589200,134098,293503,334396,250273,188297,303842,292440
2008,1072972,263016,223951,588471,210298,228240,345687,606268,466710,437781,1647867,1394079,20004756,2180239,502844,327415,306277,215776,134028,399081,441336,1002672,1899761,401400,332219,709255,4625497,1181593,296990,181211,135308,115553,477219,891763,311128,225668,295212,555161,182060,1629746,133426,286703,347655,249139,193967,313720,303018
2009,1095266,261031,228251,591098,210441,240459,345582,614334,471717,437735,1636353,1401283,20570958,2139938,513799,325298,303709,211076,135274,389970,446241,1030312,1926230,400458,334638,701687,4544430,1171108,288269,178644,136409,115888,476833,901685,318093,222396,290304,563966,179437,1659879,134539,277152,352140,250438,195862,319178,313535
2010,1097440,262846,227752,588060,209753,244345,340935,610980,471484,424141,1636436,1413929,20009092,2111348,508702,322759,300758,200014,135889,380833,444783,1023533,1895942,392955,329902,681193,4437667,1158488,281800,176768,137143,116253,470776,895299,320712,216162,281910,577661,175428,1666252,134260,273959,356839,251773,201506,320969,315860
2011,1101404,263500,234584,593286,216402,249173,346604,610323,477233,413261,1651205,1433795,20099888,2116325,506798,328491,302358,200063,135173,376332,445369,1036327,1927344,391315,326852,669433,4352735,1142000,280368,177477,135753,118044,465919,909895,317882,213332,283015,590534,172169,1718824,134081,275572,365827,250957,208803,326273,318014
2012,1106197,263989,249899,626141,219039,253798,353429,621373,487437,414737,1674375,1463368,20480047,2150297,510060,333887,307048,199027,135183,375026,449286,1057500,1921486,387386,332511,667480,4391827,1149451,276806,177268,135473,121212,458684,926039,316049,210359,283318,605319,171777,1797843,134367,279188,374809,253041,216287,332845,324550
2013,1107764,269723,260685,652162,224315,260658,359206,641360,505551,426524,1705140,1494504,21271764,2161661,515277,349451,313977,198877,132847,381411,448083,1096843,1974165,389301,342097,652998,4408818,1164746,277766,180765,139913,124006,466127,953638,328632,210392,290748,622034,172808,1861502,137666,289609,385872,257293,230434,347221,337777
2014,1123629,279250,269143,691000,234568,268310,365628,667517,522854,439594,1751775,1531764,21939610,2180531,525349,360476,323272,201271,131395,386000,454630,1136423,2018614,394488,353905,645722,4510839,1182340,281145,184626,145770,129224,487070,987984,349399,213691,302071,636266,176809,1942039,143237,301693,401115,266630,249741,369837,357652
2015,1141993,288835,273560,723403,238841,275628,382049,661894,547276,462851,1803082,1586740,22971589,2210090,538008,370960,324947,200989,131626,396019,474512,1165432,2054116,397639,366960,651075,4488321,1199487,300221,188631,150320,133917,513836,1026905,366261,217060,306900,650595,179263,2032337,149586,310415,417963,276921,269121,389627,378492
2016,1170271,300127,273129,742738,242309,285321,400949,671394,560247,473614,1843380,1633733,23632401,2237726,558796,384408,327657,204811,130988,403725,487275,1193781,2095396,404026,379652,678035,4481747,1216345,313390,194293,156733,139930,556215,1063416,389445,220612,312568,648821,179820,2109984,153365,322911,441028,282553,283478,410411,402242
2017,1207357,314296,275546,773058,245014,291159,416536,683559,566480,484231,1883562,1693721,24458213,2266074,571612,392714,341233,208691,130019,414680,494834,1218476,2158445,413989,393797,703527,4529396,1246496,313849,195556,161800,147679,599091,1105639,407071,228893,319498,673776,181538,2194218,156917,333076,465303,285083,294944,424207,427159
2018,1230877,318670,285202,810367,245880,292709,428085,693990,571383,495320,1918708,1740116,25314182,2299383,591999,398677,355374,212956,134598,426652,385285,1198756,2329458,424378,408829,731870,4613359,1265906,314248,198075,167502,153472,625695,1157621,425157,236877,327768,698517,183466,2255977,158346,335734,489698,287441,305811,440604,453813
2019,1260915,317228,289078,827522,244065,290034,437619,699651,577114,510568,1931106,1775080,25975051,2312702,605261,404549,364663,218964,138469,434506,389856,1173876,2406497,431109,422906,754756,4721354,1278533,314485,202582,168407,157034,646779,1198824,429165,245062,333247,729344,185966,2314381,158153,335368,515094,289150,313688,456632,477111
2020,1330980,324712,304530,849836,250885,297355,456163,714893,589414,525248,1973918,1837160,27502943,2375750,620889,414491,381728,234339,148614,447314,401145,1246701,2913239,451709,440879,810277,4949309,1313667,330234,211478,176410,162308,678093,1254696,446144,257210,350060,757046,196290,2451685,165036,347701,547327,296977,325291,472595,499809
2021,1358244,333890,313442,870762,254757,294600,462119,718042,594993,526812,1994383,1871688,27853311,2377632,620469,418880,388857,235480,150645,454471,399958,1221010,2833438,464890,453998,804664,4964509,1328202,328237,215601,180342,166521,691409,1287925,443684,264942,360222,787170,199160,2522649,166912,354375,562902,305218,329246,482557,513316
2022,1364756,336750,319770,910419,257225,300102,473158,724208,601445,535952,2040331,1925915,28992644,2485840,617631,419243,395426,239494,160737,458091,405948,1210269,2986565,476870,462036,823679,5226807,1381072,328040,222975,181868,167901,733895,1340540,456988,272311,372419,837034,199395,2609927,172450,356970,579432,315279,331559,492588,518971
2023,1362725,337887,345810,951610,267364,310011,482716,750110,609078,557397,2083469,1980671,30568676,2576429,610735,412100,395446,259857,173130,458334,421338,1200927,3098823,488704,466879,879096,5452535,1431512,330693,228090,183023,169890,776083,1390958,461238,276022,382314,887694,199802,2698451,177920,357818,604113,323322,332889,497953,525719
2024,1373195,335571,359050,981896,274839,323456,492454,774062,615058,576918,2118946,2007765,32484630,2617644,601210,407765,401410,262865,179810,454329,433552,1197285,3213234,494788,472939,918375,5604330,1466652,331818,227306,185019,175184,847186,1448100,467087,281130,390076,939107,197381,2759299,181080,358673,630846,328835,338200,501412,536970
