1999,1132314
1999,295311
1999,226357
1999,628562
1999,231709
1999,240380
1999,386611
1999,627315
1999,536873
1999,477273
1999,1509212
1999,1444404
1999,23137324
1999,2346068
1999,580178
1999,343736
1999,353249
1999,195222
1999,157706
1999,468088
1999,477398
1999,885958
1999,2290683
1999,427508
1999,292710
1999,838810
1999,6543819
1999,1450526
1999,328783
1999,228464
1999,140927
1999,123125
1999,475230
1999,974750
1999,312400
1999,250589
1999,353637
1999,441459
1999,187080
1999,1884488
1999,149577
1999,371883
1999,357642
1999,250346
1999,179324
1999,286569
1999,254862
2000,1098665
2000,303143
2000,221934
2000,612372
2000,224404
2000,240621
2000,380686
2000,606653
2000,525172
2000,461594
2000,1512599
2000,1408929
2000,22273393
2000,2313116
2000,544896
2000,343293
2000,342932
2000,194518
2000,150805
2000,455585
2000,473141
2000,895620
2000,2270981
2000,416021
2000,288790
2000,809967
2000,6390356
2000,1394805
2000,321168
2000,223684
2000,140131
2000,120331
2000,472177
2000,944957
2000,307256
2000,252124
2000,343925
2000,444751
2000,188121
2000,1834477
2000,145586
2000,366421
2000,354256
2000,248456
2000,176863
2000,286486
2000,260209
2001,1069977
2001,307062
2001,220348
2001,585025
2001,221545
2001,249327
2001,387767
2001,591644
2001,518246
2001,449251
2001,1498488
2001,1377580
2001,21664283
2001,2263447
2001,512635
2001,336241
2001,333510
2001,194761
2001,147275
2001,453771
2001,468454
2001,911889
2001,2242778
2001,408530
2001,284187
2001,779820
2001,6104797
2001,1352287
2001,314846
2001,217009
2001,139773
2001,116275
2001,467930
2001,904359
2001,296768
2001,247005
2001,329999
2001,448994
2001,189221
2001,1792681
2001,142046
2001,357324
2001,348307
2001,247169
2001,173198
2001,281575
2001,266212
2002,1015206
2002,299800
2002,219028
2002,556182
2002,222546
2002,243689
2002,362066
2002,571626
2002,503562
2002,442068
2002,1425644
2002,1336960
2002,20777827
2002,2180440
2002,484931
2002,333431
2002,326253
2002,196340
2002,145337
2002,441039
2002,447437
2002,893661
2002,2114770
2002,399317
2002,281064
2002,749997
2002,5737009
2002,1295336
2002,304731
2002,204809
2002,138780
2002,114082
2002,470434
2002,859852
2002,290929
2002,242151
2002,304278
2002,456167
2002,190121
2002,1696460
2002,138954
2002,350133
2002,333725
2002,246728
2002,169854
2002,277037
2002,268788
2003,1013638
2003,296521
2003,213910
2003,546556
2003,220402
2003,233769
2003,348877
2003,564489
2003,500578
2003,438302
2003,1387433
2003,1321259
2003,19465883
2003,2136058
2003,482497
2003,329452
2003,314400
2003,193245
2003,139211
2003,428650
2003,426268
2003,862180
2003,1971824
2003,390332
2003,284586
2003,722549
2003,5320821
2003,1253222
2003,307204
2003,193673
2003,142880
2003,116044
2003,461744
2003,825155
2003,286224
2003,236412
2003,293689
2003,458482
2003,186587
2003,1632867
2003,137399
2003,343269
2003,326488
2003,246445
2003,169937
2003,274899
2003,277334
2004,1008856
2004,280631
2004,213899
2004,540694
2004,214119
2004,230801
2004,342944
2004,566722
2004,480997
2004,430394
2004,1448224
2004,1319851
2004,18403892
2004,2142035
2004,482130
2004,332223
2004,310302
2004,192849
2004,129495
2004,424745
2004,420479
2004,870247
2004,1918287
2004,387358
2004,291633
2004,707393
2004,5022428
2004,1225611
2004,311570
2004,190533
2004,141526
2004,116993
2004,460803
2004,818790
2004,284552
2004,234707
2004,287787
2004,467247
2004,185333
2004,1584910
2004,134768
2004,333721
2004,321020
2004,248042
2004,171442
2004,272637
2004,285272
2005,1015552
2005,272334
2005,215524
2005,548063
2005,209009
2005,232045
2005,346915
2005,573920
2005,456722
2005,424311
2005,1521818
2005,1333798
2005,17661768
2005,2156702
2005,482703
2005,320567
2005,305068
2005,195835
2005,128390
2005,421242
2005,424797
2005,895164
2005,1929635
2005,392203
2005,295492
2005,698199
2005,4876701
2005,1224702
2005,316552
2005,188692
2005,140011
2005,119476
2005,464361
2005,811640
2005,283959
2005,231345
2005,283586
2005,478643
2005,184873
2005,1568677
2005,134297
2005,322013
2005,322114
2005,249728
2005,171521
2005,279072
2005,284334
2006,1053668
2006,266307
2006,218483
2006,558586
2006,212574
2006,235976
2006,349967
2006,578664
2006,455819
2006,428687
2006,1586146
2006,1362552
2006,18306991
2006,2178125
2006,483451
2006,318921
2006,304329
2006,206306
2006,131110
2006,416800
2006,435321
2006,927794
2006,1940193
2006,398548
2006,309129
2006,700838
2006,4785564
2006,1213833
2006,314800
2006,183657
2006,140446
2006,119520
2006,468853
2006,825821
2006,287714
2006,231317
2006,294319
2006,503136
2006,185049
2006,1572773
2006,132369
2006,304841
2006,326701
2006,249712
2006,175343
2006,290380
2006,280441
2007,1052000
2007,260809
2007,216084
2007,568648
2007,212615
2007,228274
2007,346008
2007,589064
2007,458540
2007,435432
2007,1631621
2007,1382122
2007,18568866
2007,2191144
2007,490212
2007,322602
2007,304744
2007,208465
2007,130858
2007,413054
2007,438739
2007,961731
2007,1930011
2007,402154
2007,319415
2007,697408
2007,4713406
2007,1201321
2007,307454
2007,181363
2007,137713
2007,115896
2007,474275
2007,866903
2007,297099
2007,227857
2007,299189
2007,528209
2007,183840
2007,1580699
2007,133885
2007,295030
2007,331315
2007,250058
2007,185762
2007,300813
2007,289263
2008,1065343
2008,263532
2008,221124
2008,584092
2008,210775
2008,225913
2008,343914
2008,602482
2008,464587
2008,436680
2008,1652482
2008,1395065
2008,19492585
2008,2188616
2008,498895
2008,325935
2008,306725
2008,214196
2008,133405
2008,401281
2008,440826
2008,989815
2008,1911859
2008,402470
2008,329733
2008,702864
2008,4655675
2008,1190893
2008,300014
2008,181595
2008,135656
2008,115414
2008,474381
2008,885406
2008,306534
2008,225356
2008,294702
2008,551477
2008,182122
2008,1616225
2008,133390
2008,287849
2008,344782
2008,249286
2008,193029
2008,311726
2008,300864
2009,1089887
2009,261575
2009,228118
2009,590022
2009,211166
2009,238234
2009,347286
2009,614365
2009,471998
2009,438216
2009,1638102
2009,1397508
2009,20705285
2009,2147949
2009,512801
2009,326611
2009,304506
2009,213835
2009,134874
2009,393275
2009,445882
2009,1031040
2009,1917319
2009,401444
2009,334449
2009,705762
2009,4558722
2009,1172574
2009,290546
2009,179393
2009,136146
2009,115886
2009,479447
2009,902806
2009,317193
2009,224112
2009,293485
2009,561678
2009,180547
2009,1661256
2009,134043
2009,280581
2009,351977
2009,250190
2009,195723
2009,318295
2009,311339
2010,1097961
2010,262560
2010,227521
2010,589530
2010,209286
2010,243774
2010,341905
2010,611863
2010,471471
2010,430067
2010,1635201
2010,1410402
2010,20127443
2010,2116054
2010,509807
2010,323064
2010,300738
2010,202095
2010,135837
2010,382911
2010,444678
2010,1022419
2010,1905892
2010,393903
2010,331687
2010,686009
2010,4471574
2010,1160133
2010,282753
2010,177067
2010,137040
2010,115954
2010,471368
2010,897210
2010,319846
2010,217412
2010,282787
2010,574148
2010,176600
2010,1658847
2010,134526
2010,273754
2010,354663
2010,251602
2010,199337
2010,320454
2010,315290
2011,1099996
2011,263057
2011,232603
2011,588859
2011,214941
2011,247413
2011,343337
2011,608892
2011,474845
2011,414228
2011,1645978
2011,1428722
2011,20040230
2011,2111600
2011,506985
2011,326426
2011,302082
2011,199492
2011,135731
2011,377043
2011,444972
2011,1033625
2011,1912191
2011,392013
2011,327351
2011,671347
2011,4363213
2011,1147487
2011,280965
2011,177573
2011,136052
2011,117557
2011,467750
2011,902665
2011,320055
2011,213990
2011,282073
2011,587504
2011,172969
2011,1702334
2011,134264
2011,275088
2011,364255
2011,251355
2011,207128
2011,324558
2011,317249
2012,1107186
2012,264007
2012,245267
2012,615113
2012,217846
2012,252621
2012,353339
2012,618392
2012,484518
2012,412843
2012,1667747
2012,1455435
2012,20316139
2012,2142729
2012,509196
2012,332251
2012,305807
2012,199595
2012,135068
2012,374449
2012,448515
2012,1049613
2012,1921663
2012,387993
2012,330288
2012,669291
2012,4378061
2012,1145674
2012,277211
2012,177140
2012,135156
2012,120301
2012,458920
2012,925262
2012,314958
2012,211276
2012,284331
2012,601157
2012,171563
2012,1779515
2012,134140
2012,278205
2012,371961
2012,252113
2012,214151
2012,331123
2012,322607
2013,1104273
2013,267580
2013,259215
2013,646951
2013,222083
2013,259059
2013,356507
2013,635404
2013,501199
2013,423004
2013,1697063
2013,1487424
2013,21082403
2013,2161519
2013,513962
2013,345769
2013,312060
2013,198611
2013,133667
2013,380103
2013,448509
2013,1087841
2013,1964686
2013,388475
2013,339505
2013,658205
2013,4403630
2013,1159396
2013,277579
2013,179783
2013,138792
2013,123484
2013,463392
2013,945284
2013,324892
2013,209596
2013,287608
2013,618355
2013,172542
2013,1844748
2013,136607
2013,285822
2013,383080
2013,255880
2013,225868
2013,342486
2013,333836
2014,1119978
2014,276987
2014,267192
2014,681271
2014,232726
2014,266788
2014,364148
2014,661246
2014,518104
2014,435288
2014,1738685
2014,1519554
2014,21739595
2014,2171399
2014,522649
2014,357360
2014,320852
2014,200636
2014,131384
2014,384033
2014,451592
2014,1126022
2014,2006511
2014,393330
2014,350953
2014,644559
2014,4491322
2014,1176426
2014,279266
2014,183423
2014,144216
2014,127401
2014,481636
2014,977335
2014,344173
2014,213476
2014,299474
2014,631656
2014,175590
2014,1918771
2014,141626
2014,299132
2014,396885
2014,263606
2014,244821
2014,364072
2014,352362
2015,1136129
2015,286128
2015,273017
2015,717238
2015,237912
2015,273367
2015,376909
2015,665240
2015,541523
2015,458306
2015,1791292
2015,1573551
2015,22733907
2015,2204762
2015,534500
2015,368826
2015,324682
2015,200904
2015,131460
2015,394064
2015,469973
2015,1156318
2015,2047700
2015,396887
2015,363606
2015,649527
2015,4493165
2015,1195524
2015,295405
2015,187505
2015,149174
2015,132843
2015,505193
2015,1017714
2015,362700
2015,215547
2015,305910
2015,649697
2015,178783
2015,2010811
2015,148082
2015,308304
2015,413984
2015,274820
2015,264558
2015,384648
2015,372899
2016,1162769
2016,297539
2016,273161
2016,737790
2016,241298
2016,283209
2016,396343
2016,668511
2016,557268
2016,471104
2016,1833645
2016,1620732
2016,23425560
2016,2230644
2016,554321
2016,380940
2016,326648
2016,203944
2016,131410
2016,401096
2016,483957
2016,1189468
2016,2077744
2016,401393
2016,376555
2016,667020
2016,4480306
2016,1212009
2016,311532
2016,193564
2016,155162
2016,138260
2016,545106
2016,1053904
2016,382702
2016,219821
2016,310760
2016,645870
2016,179541
2016,2089672
2016,152572
2016,319984
2016,434418
2016,281924
2016,280181
2016,405811
2016,396265
2017,1197697
2017,311034
2017,273996
2017,763374
2017,244475
2017,289674
2017,413558
2017,680249
2017,565137
2017,481776
2017,1873591
2017,1679210
2017,24309501
2017,2257953
2017,567393
2017,391540
2017,337617
2017,207573
2017,129686
2017,412220
2017,499972
2017,1215737
2017,2143100
2017,411813
2017,390237
2017,700664
2017,4518505
2017,1239698
2017,313925
2017,195332
2017,160651
2017,146014
2017,589772
2017,1094723
2017,403641
2017,226297
2017,317550
2017,669139
2017,181357
2017,2177806
2017,156163
2017,330851
2017,460007
2017,284449
2017,292537
2017,420918
2017,420727
2018,1226735
2018,317931
2018,282990
2018,802911
2018,246004
2018,292764
2018,425176
2018,691354
2018,570156
2018,492472
2018,1911936
2018,1729935
2018,25109722
2018,2291481
2018,587179
2018,396274
2018,351440
2018,211538
2018,133668
2018,423539
2018,405903
2018,1205214
2018,2284903
2018,422022
2018,404187
2018,726613
2018,4593153
2018,1262231
2018,313746
2018,197212
2018,166439
2018,152075
2018,619817
2018,1144812
2018,420879
2018,235171
2018,326843
2018,690882
2018,182732
2018,2241037
2018,158181
2018,336187
2018,482895
2018,286525
2018,303169
2018,436101
2018,447432
2019,1254624
2019,317295
2019,288716
2019,824625
2019,244675
2019,290775
2019,434991
2019,698682
2019,576370
2019,507340
2019,1929200
2019,1767172
2019,25824784
2019,2311025
2019,602406
2019,403572
2019,362433
2019,217301
2019,137637
2019,433238
2019,389216
2019,1176112
2019,2386030
2019,430066
2019,420244
2019,747411
2019,4684527
2019,1274588
2019,314573
2019,201064
2019,168149
2019,156238
2019,640768
2019,1188109
2019,428509
2019,242874
2019,331907
2019,721254
2019,185606
2019,2298071
2019,158219
2019,334584
2019,508891
2019,288829
2019,311791
2019,453192
2019,472309
2020,1307426
2020,322475
2020,299681
2020,843920
2020,247544
2020,295343
2020,452195
2020,711010
2020,585062
2020,520472
2020,1960208
2020,1819411
2020,27134993
2020,2359525
2020,617673
2020,411958
2020,378189
2020,231239
2020,144446
2020,443439
2020,397385
2020,1230739
2020,2798728
2020,444871
2020,435773
2020,799823
2020,4902908
2020,1307448
2020,326052
2020,209120
2020,174038
2020,160971
2020,671651
2020,1242130
2020,442190
2020,253845
2020,344637
2020,749594
2020,193649
2020,2416175
2020,162870
2020,344471
2020,540119
2020,294755
2020,322648
2020,468971
2020,494089
2021,1359419
2021,332447
2021,311915
2021,864033
2021,255341
2021,295707
2021,460931
2021,717731
2021,594777
2021,528611
2021,1992567
2021,1866563
2021,27721050
2021,2377880
2021,622266
2021,417955
2021,386959
2021,235122
2021,151392
2021,452931
2021,401468
2021,1230120
2021,2847602
2021,462835
2021,452019
2021,802561
2021,4955405
2021,1325226
2021,329416
2021,215282
2021,179384
2021,165353
2021,687520
2021,1281115
2021,444293
2021,263524
2021,358832
2021,780751
2021,198552
2021,2507943
2021,166646
2021,353060
2021,558809
2021,302744
2021,328763
2021,480321
2021,511629
2022,1360109
2022,335862
2022,318142
2022,896531
2022,256395
2022,298038
2022,469259
2022,720468
2022,599127
2022,530891
2022,2023734
2022,1906662
2022,28688514
2022,2445029
2022,617357
2022,420099
2022,394519
2022,238089
2022,157643
2022,457816
2022,402573
2022,1210030
2022,2938148
2022,472937
2022,459270
2022,817824
2022,5133822
2022,1359017
2022,327265
2022,220321
2022,181627
2022,167834
2022,721585
2022,1322714
2022,453005
2022,270814
2022,368296
2022,826190
2022,199334
2022,2582309
2022,170904
2022,356554
2022,574665
2022,312861
2022,331218
2022,489935
2022,516630
2023,1365242
2023,337946
2023,338385
2023,946116
2023,263877
2023,306861
2023,481753
2023,744462
2023,607355
2023,552509
2023,2074083
2023,1971812
2023,30071819
2023,2563171
2023,613419
2023,414021
2023,395649
2023,254410
2023,170742
2023,458318
2023,418217
2023,1203941
2023,3077260
2023,486470
2023,465835
2023,863222
2023,5412099
2023,1423567
2023,329804
2023,227455
2023,183040
2023,169143
2023,763061
2023,1379040
2023,460901
2023,274569
2023,380394
2023,868736
2023,199958
2023,2680821
2023,176360
2023,357204
2023,597473
2023,321479
2023,332301
2023,496946
2023,523489
2024,1368702
2024,336539
2024,356203
2024,972784
2024,273625
2024,320194
2024,489182
2024,767399
2024,613366
2024,571861
2024,2111237
2024,2000056
2024,32002632
2024,2609494
2024,603475
2024,407827
2024,398606
2024,263528
2024,177580
2024,455820
2024,430947
2024,1197401
2024,3178832
2024,493753
2024,471448
2024,911358
2024,5580884
2024,1458539
2024,331541
2024,228001
2024,184323
2024,173915
2024,831231
2024,1435525
2024,466403
2024,280749
2024,387759
2024,932047
2024,197708
2024,2744912
2024,180394
2024,358494
2024,623995
2024,327501
2024,336893
2024,500757
2024,534253
