データコード,MD12'DLTYK209_DLTYDB1TL1,MD12'DLTYK209_DLTYDB2AM1,MD12'DLTYK209_DLTYDB2IT1,MD12'DLTYK209_DLTYDB2MG1,MD12'DLTYK209_DLTYDB2AT1,MD12'DLTYK209_DLTYDB2YG1,MD12'DLTYK209_DLTYDB2FS1,MD12'DLTYK209_DLTYDB3IR1,MD12'DLTYK209_DLTYDB3TG1,MD12'DLTYK209_DLTYDB3GM1,MD12'DLTYK209_DLTYDB3ST1,MD12'DLTYK209_DLTYDB3CB1,MD12'DLTYK209_DLTYDB3TK1,MD12'DLTYK209_DLTYDB3KG1,MD12'DLTYK209_DLTYDB4NG1,MD12'DLTYK209_DLTYDB4TM1,MD12'DLTYK209_DLTYDB4IK1,MD12'DLTYK209_DLTYDB4FI1,MD12'DLTYK209_DLTYDB5YN1,MD12'DLTYK209_DLTYDB5NN1,MD12'DLTYK209_DLTYDB5GF1,MD12'DLTYK209_DLTYDB5SO1,MD12'DLTYK209_DLTYDB5AC1,MD12'DLTYK209_DLTYDB5ME1,MD12'DLTYK209_DLTYDB6SG1,MD12'DLTYK209_DLTYDB6KT1,MD12'DLTYK209_DLTYDB6OS1,MD12'DLTYK209_DLTYDB6HG1,MD12'DLTYK209_DLTYDB6NR1,MD12'DLTYK209_DLTYDB6WY1,MD12'DLTYK209_DLTYDB7TT1,MD12'DLTYK209_DLTYDB7SN1,MD12'DLTYK209_DLTYDB7OY1,MD12'DLTYK209_DLTYDB7HS1,MD12'DLTYK209_DLTYDB7YM1,MD12'DLTYK209_DLTYDB8TS1,MD12'DLTYK209_DLTYDB8KW1,MD12'DLTYK209_DLTYDB8EM1,MD12'DLTYK209_DLTYDB8KC1,MD12'DLTYK209_DLTYDB9FO1,MD12'DLTYK209_DLTYDB9SA1,MD12'DLTYK209_DLTYDB9NS1,MD12'DLTYK209_DLTYDB9KM1,MD12'DLTYK209_DLTYDB9OT1,MD12'DLTYK209_DLTYDB9MZ1,MD12'DLTYK209_DLTYDB9KS1,MD12'DLTYK209_DLTYDB9ON1
系列名称,"北海道／全国計／預金合計／国内銀行","青森／東北計／全国計／預金合計／国内銀行","岩手／東北計／全国計／預金合計／国内銀行","宮城／東北計／全国計／預金合計／国内銀行","秋田／東北計／全国計／預金合計／国内銀行","山形／東北計／全国計／預金合計／国内銀行","福島／東北計／全国計／預金合計／国内銀行","茨城／関東計／全国計／預金合計／国内銀行","栃木／関東計／全国計／預金合計／国内銀行","群馬／関東計／全国計／預金合計／国内銀行","埼玉／関東計／全国計／預金合計／国内銀行","千葉／関東計／全国計／預金合計／国内銀行","東京／関東計／全国計／預金合計／国内銀行","神奈川／関東計／全国計／預金合計／国内銀行","新潟／北陸計／全国計／預金合計／国内銀行","富山／北陸計／全国計／預金合計／国内銀行","石川／北陸計／全国計／預金合計／国内銀行","福井／北陸計／全国計／預金合計／国内銀行","山梨／中部計／全国計／預金合計／国内銀行","長野／中部計／全国計／預金合計／国内銀行","岐阜／中部計／全国計／預金合計／国内銀行","静岡／中部計／全国計／預金合計／国内銀行","愛知／中部計／全国計／預金合計／国内銀行","三重／中部計／全国計／預金合計／国内銀行","滋賀／近畿計／全国計／預金合計／国内銀行","京都／近畿計／全国計／預金合計／国内銀行","大阪／近畿計／全国計／預金合計／国内銀行","兵庫／近畿計／全国計／預金合計／国内銀行","奈良／近畿計／全国計／預金合計／国内銀行","和歌山／近畿計／全国計／預金合計／国内銀行","鳥取／中国計／全国計／預金合計／国内銀行","島根／中国計／全国計／預金合計／国内銀行","岡山／中国計／全国計／預金合計／国内銀行","広島／中国計／全国計／預金合計／国内銀行","山口／中国計／全国計／預金合計／国内銀行","徳島／四国計／全国計／預金合計／国内銀行","香川／四国計／全国計／預金合計／国内銀行","愛媛／四国計／全国計／預金合計／国内銀行","高知／四国計／全国計／預金合計／国内銀行","福岡／九州・沖縄計／全国計／預金合計／国内銀行","佐賀／九州・沖縄計／全国計／預金合計／国内銀行","長崎／九州・沖縄計／全国計／預金合計／国内銀行","熊本／九州・沖縄計／全国計／預金合計／国内銀行","大分／九州・沖縄計／全国計／預金合計／国内銀行","宮崎／九州・沖縄計／全国計／預金合計／国内銀行","鹿児島／九州・沖縄計／全国計／預金合計／国内銀行","沖縄／九州・沖縄計／全国計／預金合計／国内銀行"
1975,,,,,,,,,,,,,,,,,,,,,,,,,,,,,,,,,,,,,,,,,,,,,,,
1976,,,,,,,,,,,,,,,,,,,,,,,,,,,,,,,,,,,,,,,,,,,,,,,
1977,,,,,,,,,,,,,,,,,,,,,,,,,,,,,,,,,,,,,,,,,,,,,,,
1978,,,,,,,,,,,,,,,,,,,,,,,,,,,,,,,,,,,,,,,,,,,,,,,
1979,,,,,,,,,,,,,,,,,,,,,,,,,,,,,,,,,,,,,,,,,,,,,,,
1980,,,,,,,,,,,,,,,,,,,,,,,,,,,,,,,,,,,,,,,,,,,,,,,
1981,,,,,,,,,,,,,,,,,,,,,,,,,,,,,,,,,,,,,,,,,,,,,,,
1982,,,,,,,,,,,,,,,,,,,,,,,,,,,,,,,,,,,,,,,,,,,,,,,
1983,,,,,,,,,,,,,,,,,,,,,,,,,,,,,,,,,,,,,,,,,,,,,,,
1984,,,,,,,,,,,,,,,,,,,,,,,,,,,,,,,,,,,,,,,,,,,,,,,
1985,,,,,,,,,,,,,,,,,,,,,,,,,,,,,,,,,,,,,,,,,,,,,,,
1986,,,,,,,,,,,,,,,,,,,,,,,,,,,,,,,,,,,,,,,,,,,,,,,
1987,,,,,,,,,,,,,,,,,,,,,,,,,,,,,,,,,,,,,,,,,,,,,,,
1988,,,,,,,,,,,,,,,,,,,,,,,,,,,,,,,,,,,,,,,,,,,,,,,
1989,,,,,,,,,,,,,,,,,,,,,,,,,,,,,,,,,,,,,,,,,,,,,,,
1990,,,,,,,,,,,,,,,,,,,,,,,,,,,,,,,,,,,,,,,,,,,,,,,
1991,,,,,,,,,,,,,,,,,,,,,,,,,,,,,,,,,,,,,,,,,,,,,,,
1992,,,,,,,,,,,,,,,,,,,,,,,,,,,,,,,,,,,,,,,,,,,,,,,
1993,,,,,,,,,,,,,,,,,,,,,,,,,,,,,,,,,,,,,,,,,,,,,,,
1994,,,,,,,,,,,,,,,,,,,,,,,,,,,,,,,,,,,,,,,,,,,,,,,
1995,,,,,,,,,,,,,,,,,,,,,,,,,,,,,,,,,,,,,,,,,,,,,,,
1996,,,,,,,,,,,,,,,,,,,,,,,,,,,,,,,,,,,,,,,,,,,,,,,
1997,,,,,,,,,,,,,,,,,,,,,,,,,,,,,,,,,,,,,,,,,,,,,,,
1998,1379223,404067,379168,753992,367608,371890,532130,937108,733381,705499,2142671,1986583,14408751,2962669,830735,456842,454017,311353,260749,710598,659047,1202876,2888576,686667,473706,1027229,5407702,1925702,583773,384942,202674,209815,619731,1001174,497069,401635,460714,562777,286495,1798220,233473,472044,498285,345623,263215,376448,297869
1999,1422881,412960,387714,779239,372475,379394,540635,957811,749164,714350,2236124,2058993,15668857,3089217,834107,466993,466132,317993,260890,722299,674499,1232756,2949953,691654,483262,1071941,5558421,1915244,598403,396056,209238,216555,642730,1030006,504167,413750,471872,576733,290662,1854805,241061,481788,513294,356607,268451,395954,307979
2000,1442838,417878,395662,801589,374855,386841,550835,981628,762566,727204,2327884,2112203,15082651,3193846,824778,480846,470490,322172,264733,738577,689584,1258599,2982306,701430,490055,1103098,5514395,1896859,610563,399398,213322,219385,662952,1049397,510648,428488,481947,594449,295458,1880632,242599,488510,523126,363441,269315,399215,317162
2001,1443863,415865,397591,818137,358036,391063,535931,996544,771407,735350,2382770,2185159,14986753,3295102,819029,477063,471602,322953,259268,742130,691876,1267189,3063245,706744,497747,1126198,5583390,1926509,624125,408197,213729,224939,680706,1067360,519292,436897,491813,615711,299855,1874204,241743,485455,528678,359599,260887,398317,323607
2002,1449006,416742,396904,834856,371562,384357,525882,999951,773772,733402,2475342,2273245,16048938,3440787,823321,477392,454175,321502,272565,733121,686069,1262994,3157733,719457,495931,1195834,5909278,2010895,643517,410104,220892,229726,704914,1099112,524666,440903,495642,622345,294710,1912918,242802,491642,535852,365990,266250,405450,329572
2003,1462123,419662,397480,843389,370549,382386,526758,1008183,772093,731796,2545358,2321927,16571864,3523079,831783,482463,450196,318272,268385,727552,682933,1260227,3222274,720558,498289,1200947,5980860,2050665,651157,411867,219158,226878,716378,1126960,526913,435747,497560,623131,291907,1944200,240609,493910,547004,371425,265614,404051,339488
2004,1467986,417669,397893,846556,368665,382986,524889,1013525,769285,731068,2577970,2370280,17053405,3569945,839037,475359,450341,314800,268044,729422,685211,1270454,3268095,720222,500844,1205492,6069762,2069026,652926,409284,218747,226416,725384,1143641,531127,430682,500469,625368,290078,1971851,241745,490058,553689,367268,263140,406079,351941
2005,1474090,411261,399695,842281,361149,383638,526279,1023234,770652,732350,2589819,2434846,17661626,3628026,850252,469833,451694,311915,270071,732436,688003,1279187,3325397,729453,505906,1221836,6174641,2090055,658349,407757,220529,231302,727537,1156903,536466,425321,499769,634444,285461,1988640,241750,488249,558909,368513,264325,412688,357609
2006,1486863,410066,401755,843735,359824,380444,526596,1030368,770921,733670,2613464,2481203,17749459,3702309,847566,476288,455393,312613,270945,734388,688115,1299846,3343401,742661,512704,1223174,6275369,2101804,661025,405452,221139,233649,724721,1164233,539484,427892,500108,639468,283908,2001707,238875,481919,561863,367696,267049,415600,362830
2007,1512511,413871,406149,859810,361378,381737,535386,1050465,777792,740627,2663533,2554734,18497109,3812387,862533,486435,469644,318672,276329,747554,700769,1316629,3422152,763548,525895,1255992,6333116,2142008,670291,413808,224732,235365,737586,1180968,551707,432188,511503,653610,287359,2031695,241744,491036,569637,368783,273952,421946,373381
2008,1546233,417193,416949,877504,365565,388838,547897,1077543,787051,747145,2734355,2633258,18943273,3898212,879385,504867,479234,325413,283967,756109,712144,1342100,3529033,783375,539136,1279726,6368752,2191566,679506,421534,225011,238724,756791,1195212,564500,444888,523573,668408,289553,2073916,245895,491360,580223,373667,280853,430046,383020
2009,1586418,429149,427073,896941,369526,400233,561855,1103224,795713,758084,2823593,2712534,19409346,3996890,905228,521882,490160,334772,289454,766742,730600,1362861,3662204,797754,554214,1292608,6480755,2250352,688281,432007,233075,244297,774263,1243260,587997,457282,536490,696969,297390,2130032,249624,499250,591427,382964,288565,441721,408790
2010,1616819,439853,434892,915692,376172,414069,574770,1128307,805849,773211,2898206,2787464,20006427,4069328,922112,531609,494695,336387,293603,788758,752460,1385963,3705926,809632,568654,1307445,6562979,2285631,696463,439384,239409,252040,789055,1263267,609005,465211,550473,713316,302319,2177088,252621,502945,604741,393380,296057,452223,431811
2011,1648616,449667,478824,1067418,387855,430520,646866,1184699,825441,791878,3006983,2878755,20554898,4172825,937358,538480,507324,340589,300956,811884,774824,1420512,3814225,830751,580547,1319321,6653822,2332805,713465,448040,247676,257488,812866,1294358,628989,472224,566993,730651,304470,2225869,255614,512994,615347,401392,303515,460986,461130
2012,1677446,456136,509175,1112737,392637,445245,702452,1212460,843018,804556,3090915,2945044,21141414,4268385,945573,552626,521310,342661,308056,821733,791535,1471571,3875012,850141,591545,1318538,6741061,2384941,729148,453556,250589,262580,830723,1322921,641515,479275,581236,741607,301921,2280240,258755,519622,629189,403512,309472,470647,470747
2013,1712619,461903,540088,1177576,398565,461008,777317,1244795,863864,823489,3192915,3039156,22620411,4388007,963163,578908,536462,350468,315551,840432,816024,1531911,3938622,878813,606086,1362529,6874068,2451261,747096,461722,258784,267421,857072,1369088,664851,499810,594779,768390,302378,2367425,266538,540075,648243,412540,322608,486713,486870
2014,1748608,470984,551156,1182523,403927,471658,827761,1272081,883929,842844,3266977,3129841,23591077,4505065,987395,600490,546813,358523,325580,863117,838174,1588415,4018845,904162,618247,1377778,6932471,2505603,757857,470547,266189,272710,887077,1405697,684976,516497,608474,798101,306441,2448545,271809,560791,665577,420419,337051,503873,504498
2015,1781373,479474,559203,1211842,414291,486115,877555,1299638,900177,857779,3348544,3232745,25105004,4632947,1003046,606798,552318,365448,328157,873105,864086,1627781,4161025,917867,632420,1397065,7138926,2567769,768663,478670,270057,277710,908647,1453647,702534,527349,619958,817673,310771,2521749,276891,569913,682514,428667,351703,519935,524165
2016,1824533,485760,559268,1224834,417341,490842,900430,1325166,913766,869811,3419884,3318380,28843745,4761623,1020484,621669,562457,373490,330840,882785,879705,1709794,4341640,924418,645885,1452168,7491283,2650787,771974,478709,272816,281028,930625,1484402,722250,528803,623368,810998,314464,2598450,282764,579486,742794,441285,362165,532206,537689
2017,1890514,495854,562942,1235794,427588,493728,901654,1362992,934017,896022,3534062,3438305,31450662,4923350,1054912,644194,583415,386278,343364,905657,907820,1766611,4491325,948168,668123,1513272,7761246,2732642,786487,486490,277364,285627,960916,1525033,742591,544328,637625,822632,320297,2701542,291534,592120,763464,449852,378498,550160,559425
2018,1935412,501455,562358,1243324,438366,492636,893550,1396176,951359,917052,3631281,3534143,32499851,5038626,1075963,656202,600529,398981,349270,933282,928819,1761306,4614936,970600,688414,1559856,7972099,2808428,794203,489671,280267,289810,980024,1549287,762435,545606,644707,831971,320369,2766585,296994,593991,774013,455398,391571,563637,580667
2019,1985166,509834,562370,1250811,448096,499011,904497,1424201,973417,940796,3737595,3630242,33116218,5156516,1095926,673653,622612,409368,358093,956749,950329,1765653,4802010,985264,708114,1592626,8156434,2863534,813082,495883,282971,298379,999754,1581183,778123,558444,652058,856484,325403,2875515,306859,597453,780950,462811,399192,577643,602306
2020,2163832,543869,594304,1344008,484074,541015,956436,1520523,1050841,1020261,4008733,3900459,36788643,5532379,1174564,726899,675855,446191,387109,1034109,1016108,1925562,5239197,1052510,760968,1743774,8806935,3063496,870435,526018,301638,328208,1077113,1694717,835214,592268,697559,911809,351621,3163827,336034,638227,837526,501826,435727,623763,660808
2021,2278234,573286,606138,1390578,511200,568215,978984,1577370,1100274,1063686,4204553,4056813,38331249,5768377,1222890,755929,715544,475882,407271,1083673,1057468,2006461,5438320,1092431,797817,1863725,9238444,3189310,899187,541359,316877,347310,1111126,1766572,870506,619107,733255,958505,363841,3324347,355294,669073,874752,529178,464147,656558,697425
2022,2339103,585407,613604,1425518,524954,580601,982497,1614015,1127923,1082447,4323312,4186097,39963359,6008076,1242879,776131,746692,486393,420662,1124093,1074939,2026528,5661700,1121751,825241,1891088,9438206,3268248,917344,547348,325020,351622,1133894,1822884,903866,627513,748917,1004689,374156,3419395,367009,688538,903014,549627,484908,679491,726405
2023,2389760,588414,616056,1449837,528066,584089,987156,1642341,1146582,1102702,4407687,4270897,42736037,6112221,1254459,791965,762835,492005,431409,1147638,1082432,2024170,5913688,1139759,837898,1925315,9589855,3331232,933096,552773,329857,356997,1145413,1882843,914444,627504,751284,1036946,375080,3482505,373617,698154,913842,559483,496048,691785,744512
2024,2433308,591417,618897,1450899,535042,584820,990471,1660072,1164339,1117347,4486317,4356945,44125086,6241011,1262501,809942,809498,495211,433962,1170013,1097181,2048883,5969101,1157855,850041,1931579,9726484,3372221,944167,555808,333320,362513,1172558,1949954,924387,637968,762789,1065452,373734,3525408,375733,703644,921630,561636,498417,691795,758816
